confidence,holding_period,var,cvar
0.9000000000,1,0.0189467017,0.0264879696
0.9000000000,5,0.0423661129,0.0592289007
0.9000000000,10,0.0599147315,0.0837623147
0.9500000000,1,0.0249846129,0.0311618142
0.9500000000,5,0.0558672929,0.0696799349
0.9500000000,10,0.0790082833,0.0985423089
0.9900000000,1,0.0347133384,0.0402996536
0.9900000000,5,0.0776213845,0.0901127648
0.9900000000,10,0.1097732146,0.1274386942
