confidence,holding_period,var,cvar
0.9000000000,1,0.0191493639,0.0261742656
0.9000000000,5,0.0431879140,0.0588960718
0.9000000000,10,0.0614675750,0.0836822647
0.9500000000,1,0.0245401330,0.0307404346
0.9500000000,5,0.0552420402,0.0691063361
0.9500000000,10,0.0785146837,0.0981217590
0.9900000000,1,0.0346523193,0.0396805050
0.9900000000,5,0.0778535762,0.0890969412
0.9900000000,10,0.1104922246,0.1263927439
